symbol,name,sector_name,list_days,amount_proxy,turnover_rate,total_mv,source,group
000021.SZ,深科技,元器件,11790,5337896175.341562,10.0734,5299001.5043,,
000034.SZ,神州数码,软件服务,11694,1833944749.55846,6.2015,2957259.9364,,
000039.SZ,中集集团,运输设备,11725,1297432585.47545,1.9835,6541127.227,,
000060.SZ,中金岭南,铅锌,10704,2246826452.337174,6.8366,3286467.6189,,
000062.SZ,深圳华强,元器件,10697,2131888151.7765908,6.3479,3358414.8329,,
000063.SZ,中兴通讯,通信设备,10405,6407774112.465981,3.649,17560356.5702,,
000066.SZ,中国长城,IT设备,10550,10791770526.643673,16.3193,6612888.1304,,
000070.SZ,特发信息,通信设备,9500,2044300913.853688,12.3511,1655156.9608,,
000100.SZ,TCL科技,元器件,8141,3073945628.1599126,3.5354,8694760.5028,,
000333.SZ,美的集团,家用电器,4622,3908394045.510128,0.6221,62825816.5168,,
000338.SZ,潍柴动力,汽车配件,6955,6584184572.153581,2.1735,30293004.7028,,
000408.SZ,藏格矿业,农药化肥,10913,1760949870.536258,1.3397,13144359.7114,,
000425.SZ,徐工机械,工程机械,10852,1195834158.298684,1.0001,11957145.8684,,
000426.SZ,兴业银锡,铅锌,10852,5247545923.381606,6.6953,7837656.1519,,
000539.SZ,粤电力Ａ,火力发电,11858,2405361430.1206913,6.6397,3622695.9503,,
000547.SZ,航天发展,通信设备,11854,3002439075.067852,7.4242,4044124.7206,,
000559.SZ,万向钱潮,汽车配件,11813,3117348660.9321003,5.373,5801877.277,,
000568.SZ,泸州老窖,白酒,11694,1247043950.47323,0.931,13394671.8633,,
000591.SZ,太阳能,新型电力,11054,1501257156.58308,6.397,2346814.3764,,
000592.SZ,平潭发展,林业,11006,2662740702.490758,12.8222,2076664.4589,,
000601.SZ,韶能股份,水力发电,10850,2185155595.8922195,26.054,838702.5393,,
000620.SZ,盈新发展,全国地产,10790,1818941386.54169,9.5023,1914211.703,,
000628.SZ,高新发展,建筑工程,10770,2664631617.4319997,11.9155,2236273.44,,
000630.SZ,铜陵有色,铜,10768,3253286633.4519596,3.9005,8340691.2792,,
000636.SZ,风华高科,元器件,10759,1911629954.359521,6.1193,3123935.6697,,
000651.SZ,格力电器,家用电器,10770,2001290408.2008903,0.887,22562462.3247,,
000657.SZ,中钨高新,小金属,10753,5983383055.7558155,4.6509,12865000.4424,,
000688.SZ,国城矿业,铅锌,10707,1300967564.6511,2.718,4786488.4645,,
000700.SZ,模塑科技,汽车配件,10668,1563112247.97111,12.3117,1269615.283,,
000725.SZ,京东方Ａ,元器件,9254,3467242419.12648,2.2608,15336351.8185,,
000767.SZ,晋控电力,火力发电,10567,2512705478.0204344,16.6658,1507701.6873,,
000783.SZ,长江证券,证券,10515,1312162547.52558,2.8047,4678441.714,,
000791.SZ,甘肃能源,水力发电,10440,1527255544.56804,5.068,3013527.1203,,
000792.SZ,盐湖股份,农药化肥,10480,3672348274.331892,2.0478,17933139.3414,,
000807.SZ,云铝股份,铝,10264,2411639254.176625,2.3375,10317173.2799,,
000811.SZ,冰轮环境,工程机械,10214,1873179446.9989176,5.6986,3287087.0863,,
000815.SZ,美利云,通信设备,10202,2056363459.702944,14.0574,1462833.4256,,
000831.SZ,中国稀土,小金属,10108,3545785810.830135,5.9793,5930101.8695,,
000833.SZ,粤桂股份,综合类,10047,3948998717.303301,17.042,2317215.5365,,
000839.SZ,国安股份,综合类,10423,1166059908.4478762,8.6476,1348420.2651,,
000858.SZ,五粮液,白酒,10245,3137602149.20117,0.9305,33719528.7394,,
000878.SZ,云南铜业,铜,10209,1769508566.7473764,3.9504,4479314.9219,,
000880.SZ,潍柴重机,专用机械,10270,2936040181.556563,19.4881,1506581.0323,,
000925.SZ,众合科技,运输设备,9835,1237764787.44385,19.0825,648638.6938,,
000933.SZ,神火股份,铝,9754,2116472189.0522883,3.1296,6762756.2278,,
000938.SZ,紫光股份,IT设备,9689,8740463298.56483,9.577,9126514.8779,,
000960.SZ,锡业股份,小金属,9580,2942664834.2163906,4.897,6009117.4887,,
000962.SZ,东方钽业,小金属,9612,1537866678.810306,5.6901,2702705.8906,,
000967.SZ,盈峰环境,环境保护,9542,2852439087.215046,6.5798,4335145.5777,,
000973.SZ,佛塑科技,塑料,9486,3715084846.354464,8.9056,4171627.7919,,
000975.SZ,山金国际,黄金,9472,1921721053.574336,2.7584,6966796.1629,,
000977.SZ,浪潮信息,IT设备,9472,5540687827.245519,5.374,10310174.5948,,
000981.SZ,山子高科,汽车配件,9458,4316474439.092864,9.7904,4408884.6616,,
000988.SZ,华工科技,专用机械,9472,11885699052.551268,8.8227,13471725.2684,,
001203.SZ,大中矿业,普钢,1831,1443790748.9750369,2.2227,6495661.8031,,
001210.SZ,金房能源,供气供热,1751,1163767806.01172,24.566,473731.0942,,
001259.SZ,利仁科技,,,,,,lianban_potential,家用电器
001267.SZ,汇绿生态,通信设备,1640,5306083221.46232,10.7696,4926908.3545,,
001280.SZ,中国铀业,小金属,163,12131943169.41345,7.485,16208340.9077,,
001287.SZ,中电港,元器件,1131,1678358326.5576088,7.7361,2169514.7769,,
001309.SZ,德明利,半导体,1414,21374155447.771378,13.2325,16152771.9235,screenshot_watchlist,半导体
001339.SZ,智微智能,IT设备,1369,2594840994.9919457,10.0993,2569327.5722,,
001359.SZ,平安电工,矿物制品,778,1370037934.349722,7.3981,1851878.0962,,
001369.SZ,双欣材料,化纤,136,1241935182.75,6.9275,1792761.0,,
001386.SZ,马可波罗,家居用品,205,1205734026.0,5.425,2222551.2,,
001389.SZ,广合科技,元器件,773,4176129298.0068,4.8918,8536999.26,,
001391.SZ,国货航,仓储物流,501,1606070999.820015,2.4361,6592795.8615,,
001896.SZ,豫能控股,火力发电,10340,2814545362.2419167,12.1439,2317661.8403,,
002008.SZ,大族激光,专用机械,7994,8415657741.428274,5.7039,14754216.8366,,
002009.SZ,天奇股份,工程机械,7990,2759269762.111746,24.3258,1134297.6437,,
002015.SZ,协鑫能科,新型电力,7981,5428312901.54636,15.4028,3524237.737,,
002023.SZ,海特高新,,,,,,screenshot_watchlist,航空
002025.SZ,航天电器,元器件,7963,1443951075.65848,4.5685,3160667.7808,,
002028.SZ,思源电气,电气设备,7953,4339552500.4902,2.919,14866572.458,,
002031.SZ,巨轮智能,汽车配件,7942,4674562126.203815,25.3022,1847492.3628,lianban_potential,汽车配件
002034.SZ,旺能环境,环境保护,7932,1267878150.830291,10.8251,1171239.2041,,
002044.SZ,美年健康,医疗保健,7667,1869342419.31458,7.6657,2438580.194,,
002049.SZ,紫光国微,半导体,7648,2955335497.5346875,4.5016,6565077.9668,,
002050.SZ,三花智控,家用电器,7647,17161005278.601215,7.8336,21906920.5456,,
002066.SZ,瑞泰科技,,,,,,lianban_potential,其他建材
002074.SZ,国轩高科,电气设备,7149,1816985201.19732,2.772,6554780.6681,,
002080.SZ,中材科技,玻璃,7116,4118325913.226449,3.7884,10870884.5772,,
002081.SZ,金螳螂,装修装饰,7116,4302907826.957329,20.6431,2084429.0959,,
002108.SZ,沧州明珠,,,,,,screenshot_watchlist,塑料
002119.SZ,康强电子,半导体,7014,1143637264.18032,13.1127,872160.016,,
002129.SZ,TCL中环,电气设备,6965,2513041991.366319,6.3231,3974382.8049,,
002130.SZ,沃尔核材,电气设备,6965,1188941639.1400442,3.7764,3148346.6771,,
002131.SZ,利欧股份,互联网,6958,2786230740.74098,6.253,4455830.3866,,
002149.SZ,西部材料,小金属,6853,4197848705.1163983,12.4578,3369654.9191,,
002155.SZ,湖南黄金,黄金,6847,1708826970.6020758,4.1548,4112898.2637,,
002156.SZ,通富微电,半导体,6847,9027854043.190416,10.4328,8653337.5922,,
002157.SZ,正邦科技,农业综合,6846,1235051738.363602,3.9502,3126554.9551,,
002165.SZ,红宝丽,化工原料,6819,2376639075.490744,33.1862,716152.8212,,
002176.SZ,江特电机,小金属,6790,1643524012.0102322,7.1613,2295007.9064,,
002179.SZ,中航光电,元器件,6770,1915635486.327339,2.2927,8355369.1557,,
002181.SZ,粤传媒,出版业,6755,2033392586.74447,8.8945,2286123.5446,lianban_pool,出版业
002183.SZ,怡亚通,仓储物流,6758,1916632365.438442,10.2931,1862055.5182,,
002185.SZ,华天科技,半导体,6751,3644894483.42448,7.802,4671743.7624,,
002192.SZ,融捷股份,小金属,6736,2630518347.617082,11.0526,2379999.5907,,
002195.SZ,岩山科技,软件服务,6729,1625602921.8406122,3.2989,4927712.0308,,
002196.SZ,方正电机,纺织机械,6729,1659655580.9255,21.79,761659.2845,,
002202.SZ,金风科技,电气设备,6715,5470104201.666401,5.1617,10597485.7153,,
002208.SZ,合肥城建,区域地产,6682,3333150048.6556873,19.9873,1667633.9719,,
002217.SZ,合力泰,元器件,6659,3320614606.069153,14.3679,2311134.2688,,
002222.SZ,福晶科技,元器件,6631,5077301589.360001,10.2032,4976185.5,,
002229.SZ,鸿博股份,广告包装,6581,1505289517.832331,16.7607,898106.5933,,
002230.SZ,科大讯飞,软件服务,6577,2731318368.208305,2.4121,11323404.3705,,
002240.SZ,盛新锂能,小金属,6566,2882468742.099408,6.1677,4673490.5104,,
002241.SZ,歌尔股份,元器件,6567,3751912505.323857,4.1727,8991570.2191,,
002245.SZ,蔚蓝锂芯,电气设备,6553,4107784112.709685,13.7406,2989523.1014,,
002249.SZ,大洋电机,电气设备,6539,1514568555.824492,6.1982,2443561.9306,,
002254.SZ,泰和新材,化纤,6533,1830738593.5972,15.064,1215307.0855,,
002261.SZ,拓维信息,软件服务,6505,2541647602.961997,6.0523,4199473.9239,,
002271.SZ,东方雨虹,其他建材,6456,1186478211.46092,3.318,3575883.6994,,
002273.SZ,水晶光电,元器件,6447,3131008445.5814996,5.925,5284402.4398,,
002281.SZ,光迅科技,通信设备,6111,18460452583.704166,11.6467,15850371.851,,
002290.SZ,禾盛新材,家用电器,6098,2135681713.346084,9.2308,2313647.4773,,
002294.SZ,信立泰,化学制药,6091,1198567127.1995,3.05,3929728.2859,,
002297.SZ,博云新材,航空,6072,3562045976.491669,24.0439,1481475.9571,,
002309.SZ,中利集团,电气设备,6013,4119891021.3032,29.458,1398564.404,,
002310.SZ,东方新能,新型电力,6013,1568120032.979759,8.5141,1841791.8899,,
002317.SZ,众生药业,中成药,5999,1143507716.808984,6.2694,1823950.8036,,
002326.SZ,永太科技,化工原料,5988,1923561053.7175968,8.8403,2175900.1999,,
002335.SZ,科华数据,电气设备,5966,3646894822.63013,10.433,3495538.0261,screenshot_watchlist,电气设备
002339.SZ,积成电子,,,,,,screenshot_watchlist,电气设备
002340.SZ,格林美,小金属,5957,1384936748.2934885,3.2084,4316596.2732,,
002342.SZ,巨力索具,机械基件,5953,2924516553.6,15.6787,1865280.0,,
002353.SZ,杰瑞股份,化工机械,5943,3373314338.0091624,2.3899,14114876.5137,,
002361.SZ,神剑股份,化工原料,5917,3925563075.50592,21.828,1798407.1264,,
002364.SZ,中恒电气,电气设备,5915,2857136471.032536,10.5951,2696658.3336,,
002371.SZ,北方华创,半导体,5904,13804176231.97824,3.217,42910090.8672,screenshot_watchlist,半导体
002374.SZ,中锐股份,,,,,,lianban_potential,广告包装
002378.SZ,章源钨业,小金属,5889,1625209385.807392,4.4704,3635489.8573,,
002379.SZ,宏桥控股,铝,5889,9003038110.198776,3.2697,27534752.7608,,
002380.SZ,科远智慧,软件服务,5889,2401311575.897835,23.7217,1012284.7755,,
002384.SZ,东山精密,元器件,5880,27398338185.841553,7.3561,37245739.1632,,
002400.SZ,省广集团,广告包装,5853,1518793632.345276,9.8108,1548083.3697,,
002402.SZ,和而泰,元器件,5848,1532274505.0221,5.286,2898741.0235,,
002407.SZ,多氟多,化工原料,5841,6212567100.464726,14.3097,4341507.5791,lianban_pool,化工原料
002409.SZ,雅克科技,半导体,5834,6143268632.765081,12.0119,5114318.8278,,
002414.SZ,高德红外,电器仪表,5782,1332195228.1972702,2.2313,5970489.079,,
002415.SZ,海康威视,IT设备,5831,2075306711.197032,0.6837,30354054.5736,,
002428.SZ,云南锗业,小金属,5820,10715326356.2592,18.1627,5899632.96,,
002429.SZ,兆驰股份,家用电器,5818,2647684201.923565,4.6235,5726579.8679,,
002432.SZ,九安医疗,医疗保健,5818,1992222525.6963491,5.7587,3459500.4527,,
002436.SZ,兴森科技,元器件,5810,4832191774.811217,9.0283,5352272.0499,,
002439.SZ,启明星辰,软件服务,5805,1269256388.064592,6.5608,1934606.1274,,
002445.SZ,中南文化,钢加工,5785,1766723100.590391,17.4913,1010058.2007,,
002460.SZ,赣锋锂业,小金属,5757,7537237132.285152,4.6052,16366796.5176,screenshot_watchlist_a_share_counterpart,小金属
002463.SZ,沪电股份,元器件,5749,6468729959.863964,3.2639,19819020.0676,screenshot_watchlist,元器件
002465.SZ,海格通信,通信设备,5736,1494141519.550249,4.0189,3717787.2541,,
002466.SZ,天齐锂业,小金属,5736,5617986186.363638,4.7449,11840051.8164,,
002472.SZ,双环传动,汽车配件,5726,2303007997.55796,6.3756,3612221.591,screenshot_watchlist,汽车配件
002475.SZ,立讯精密,元器件,5721,14754194929.037071,2.7365,53916297.9318,,
002484.SZ,江海股份,元器件,5707,3284101148.780088,7.9352,4138649.4969,,
002487.SZ,大金重工,电气设备,5691,1771644349.9101827,3.5891,4936179.9613,,
002491.SZ,通鼎互联,通信设备,5685,4667087588.41584,16.7968,2778557.5755,,
002497.SZ,雅化集团,小金属,5666,1260077263.1084588,4.2277,2980526.6767,,
002498.SZ,汉缆股份,电气设备,5666,2895965172.44892,9.0961,3183743.772,,
002506.SZ,协鑫集成,电气设备,5657,5455534792.864662,19.9683,2732097.7714,,
002518.SZ,科士达,电气设备,5638,1710909893.1213405,5.0735,3372247.7444,,
002531.SZ,天顺风能,电气设备,5614,1700226855.0273724,7.6062,2235317.0506,,
002532.SZ,天山铝业,铝,5614,1388516800.184896,1.9568,7095854.4572,,
002536.SZ,飞龙股份,汽车配件,5603,1639063036.3907278,6.4182,2553773.7004,,
002549.SZ,凯美特气,环境保护,5565,1497712319.406744,10.7911,1387914.4104,,
002552.SZ,宝鼎科技,元器件,5558,1326266874.3658352,10.6391,1246596.8685,,
002558.SZ,巨人网络,互联网,5553,1923773002.2106016,3.3606,5724492.6567,,
002560.SZ,通达股份,电气设备,5552,1987644588.677748,25.8687,768358.9004,,
002565.SZ,顺灏股份,造纸,5537,2535632148.0258937,12.7241,1992779.1734,,
002580.SZ,圣阳股份,电气设备,5488,2989437764.655537,23.3649,1279456.6913,,
002594.SZ,比亚迪,汽车整车,5433,11740430470.31972,1.3372,87798612.551,,
002600.SZ,领益智造,元器件,5418,10066373812.19273,8.1311,12380088.5639,,
002602.SZ,世纪华通,互联网,5405,2863968538.542644,2.6078,10982316.6598,,
002611.SZ,东方精工,轻工机械,5372,1236686427.188492,5.5244,2238589.5793,,
002617.SZ,露笑科技,电气设备,5351,4761980347.8042,26.6481,1786986.82,,
002624.SZ,完美世界,互联网,5313,1175682931.812928,3.7877,3103949.4464,,
002625.SZ,光启技术,航空,5307,1146265261.790966,1.3198,8685143.6717,,
002636.SZ,金安国纪,元器件,5285,1472988316.8,4.7164,3123120.0,,
002639.SZ,雪人集团,专用机械,5275,1432908792.6619198,10.808,1325785.3374,,
002648.SZ,卫星化学,化工原料,5252,2088487295.557025,2.2079,9459157.0975,screenshot_watchlist,化工原料
002654.SZ,万润科技,互联网,5201,1716068356.301772,12.2518,1400666.3154,,
002655.SZ,共达电声,元器件,5201,1803531783.07305,13.2515,1361001.987,,
002703.SZ,浙江世宝,汽车配件,4942,1396463716.62112,8.9345,1563001.5296,,
002706.SZ,良信股份,电气设备,4497,1327855380.4894772,9.9771,1330903.1487,,
002709.SZ,天赐材料,化工原料,4495,10467514129.3245,8.9238,11729884.275,,
002714.SZ,牧原股份,农业综合,4490,2914294343.212744,1.1878,24535227.6748,,
002716.SZ,湖南白银,小金属,4490,2892615673.173688,9.3148,3105397.5106,,
002730.SZ,电光科技,,,,,,screenshot_watchlist,专用机械
002738.SZ,中矿资源,小金属,4154,2599699617.521024,4.9312,5271941.1452,,
002747.SZ,埃斯顿,机械基件,4074,2772712788.71026,11.2661,2461111.466,,
002756.SZ,永兴材料,小金属,4018,1880988412.651578,4.8033,3916033.5866,,
002759.SZ,天际股份,电气设备,4005,2361876509.5047,12.9309,1826536.83,,
002779.SZ,中坚科技,,,,,,screenshot_watchlist,农用机械
002792.SZ,通宇通讯,通信设备,3700,3101288915.7240868,12.2397,2533794.8771,,
002812.SZ,恩捷股份,电气设备,3530,2992997751.3134117,3.9862,7508398.3526,,
002821.SZ,凯莱英,生物制药,3465,1149668207.7980547,2.7005,4257242.0211,,
002837.SZ,英维克,专用机械,3424,4950734069.855954,5.0403,9822300.3985,screenshot_watchlist,专用机械
002842.SZ,翔鹭钨业,小金属,3403,1509408398.4111204,12.664,1191889.1333,,
002850.SZ,科达利,电气设备,3361,1899085368.751935,3.5405,5363890.3227,,
002851.SZ,麦格米特,电气设备,3357,4046202980.950722,5.4294,7452394.3363,,
002865.SZ,钧达股份,电气设备,3307,3953200033.171835,13.0649,3025817.2915,,
002866.SZ,传艺科技,,,,,,screenshot_watchlist,IT设备
002885.SZ,京泉华,元器件,3244,1608174226.9839506,13.7313,1171174.0527,,
002886.SZ,沃特股份,塑料,3244,1150339076.9794,15.98,719861.7503,,
002896.SZ,中大力德,机械基件,3181,1464683734.6417382,9.2469,1583972.7202,,
002902.SZ,铭普光磁,通信设备,3150,2902858066.7693095,31.1922,930635.8855,,
002915.SZ,中欣氟材,,,,,,lianban_potential,化工原料
002916.SZ,深南电路,元器件,3075,3253704803.801018,1.4777,22018710.1834,,
002918.SZ,蒙娜丽莎,陶瓷,3069,1695122960.5132203,22.2572,761606.5635,lianban_pool,陶瓷
002920.SZ,德赛西威,汽车配件,3062,1301050229.0129402,2.0762,6266497.587,,
002922.SZ,伊戈尔,电气设备,3059,1344681100.9807699,7.5005,1792788.6154,screenshot_watchlist,电气设备
002929.SZ,润建股份,通信设备,2997,7090371447.958343,26.8403,2641688.5981,,
002938.SZ,鹏鼎控股,元器件,2796,3317934231.7608843,1.6661,19914376.2785,,
002940.SZ,昂利康,化学制药,2761,2509916116.436091,28.7811,872070.9481,,
002943.SZ,宇晶股份,机床制造,2724,1759098842.57772,10.8632,1619319.2085,,
002957.SZ,科瑞技术,专用机械,2485,2073093627.229028,10.8439,1911760.1852,,
002969.SZ,嘉美包装,广告包装,2356,1180591303.570168,5.3576,2203582.3943,,
002971.SZ,和远气体,化工原料,2314,1783262105.2896,20.4352,872642.355,,
002975.SZ,博杰股份,专用机械,2291,3544015662.503973,14.8081,2393295.3333,,
002979.SZ,雷赛智能,专用机械,2228,1768599489.4217093,9.3853,1884435.7553,,
002980.SZ,华盛昌,电器仪表,2221,3916843220.855822,21.4814,1823364.9673,,
002990.SZ,盛视科技,软件服务,2181,2788953416.28904,15.3272,1819610.507,,
003021.SZ,兆威机电,元器件,1988,1998352063.110921,7.0471,2835708.3951,,
003022.SZ,联泓新科,化工原料,1984,1486463905.04976,4.4289,3356282.384,,
003031.SZ,中瓷电子,元器件,1957,4049417522.853655,5.5901,7243908.9155,,
300001.SZ,特锐德,电气设备,6041,1774028565.042034,4.6621,3805213.4554,,
300007.SZ,汉威科技,电器仪表,6041,1574849066.0666535,10.2221,1540631.6374,,
300014.SZ,亿纬锂能,电气设备,6041,5110515218.783233,3.5748,14295947.2384,,
300017.SZ,网宿科技,软件服务,6041,6644079621.397765,14.0191,4739305.3915,,
300024.SZ,机器人,专用机械,6041,1824546263.635284,7.2429,2519082.4996,,
300033.SZ,同花顺,软件服务,5985,6665532475.391999,3.8264,17419852.8,,
300037.SZ,新宙邦,化工原料,5971,2303138930.00128,4.8512,4747565.4065,,
300042.SZ,朗科科技,IT设备,5971,1884258344.7,14.4765,1301598.0,,
300045.SZ,华力创通,IT设备,5959,1465723164.7980871,9.1247,1606324.7721,,
300054.SZ,鼎龙股份,化工原料,5937,4537371897.536941,6.8684,6606155.5785,,
300058.SZ,蓝色光标,广告包装,5922,7581577225.474414,11.9577,6340330.6869,,
300059.SZ,东方财富,证券,5901,8639421169.828896,2.7707,31181366.3328,screenshot_watchlist,证券
300063.SZ,天龙集团,互联网,5894,1262712591.674586,13.8034,914783.7429,,
300065.SZ,海兰信,船舶,5894,1914193879.484967,11.0631,1730250.9057,,
300073.SZ,当升科技,电气设备,5862,1226073412.770472,3.8638,3173232.0844,,
300077.SZ,国民技术,半导体,5859,1799050130.3623502,10.6545,1688535.483,,
300083.SZ,创世纪,机床制造,5839,4413314196.462087,22.2201,1986181.0687,,
300085.SZ,银之杰,软件服务,5833,2069478911.3149807,7.4387,2782043.7863,,
300100.SZ,双林股份,汽车配件,5761,1298218839.8412871,6.8467,1896123.4461,,
300102.SZ,乾照光电,半导体,5755,1749053082.433111,6.6941,2612827.8371,,
300113.SZ,顺网科技,互联网,5740,1933088049.971176,10.5148,1838444.9062,,
300115.SZ,长盈精密,元器件,5734,4979570562.445194,9.6007,5186674.4742,,
300118.SZ,东方日升,电气设备,5734,1841158447.34617,8.6783,2121565.799,,
300124.SZ,汇川技术,电器仪表,5708,6245858824.832497,2.9836,20933968.4436,screenshot_watchlist,电器仪表
300131.SZ,英唐智控,元器件,5687,3999329993.364408,16.3659,2443696.9512,,
300133.SZ,华策影视,影视音像,5680,1962586283.558163,10.7929,1818404.9547,,
300136.SZ,信维通信,元器件,5670,13174404638.053484,13.6693,9637951.2031,,
300139.SZ,晓程科技,黄金,5663,1542272540.6,11.197,1377398.0,,
300142.SZ,沃森生物,生物制药,5663,1529676872.2216144,6.6837,2288667.7622,,
300166.SZ,东方国信,软件服务,5589,3482560108.0562854,16.2069,2148813.2265,,
300170.SZ,汉得信息,软件服务,5582,1662656302.40263,7.4315,2237309.1602,,
300179.SZ,四方达,矿物制品,5568,1566152628.736152,11.2622,1390627.6116,,
300184.SZ,力源信息,元器件,5561,1442785983.574656,8.8522,1629861.4848,,
300199.SZ,翰宇药业,化学制药,5517,2155107729.295268,10.4452,2063251.7609,,
300207.SZ,欣旺达,电气设备,5503,1838452002.150471,3.9489,4655605.3639,,
300209.SZ,行云科技,互联网,5498,4190477947.664008,17.3558,2414453.9276,,
300223.SZ,北京君正,半导体,5463,5445037386.355176,8.2728,6581855.4617,,
300236.SZ,上海新阳,半导体,5434,2161562146.783221,7.0161,3080859.9461,,
300260.SZ,新莱应材,机械基件,5365,4058897172.944727,15.6913,2586718.2279,,
300263.SZ,隆华科技,专用机械,5355,3419478888.2848167,24.0453,1422098.6589,lianban_pool,专用机械
300265.SZ,通光线缆,电气设备,5355,1400078076.2574842,12.7956,1094187.1239,,
300274.SZ,阳光电源,电气设备,5308,34593455098.41529,10.9094,31709768.7301,,
300276.SZ,三丰智能,专用机械,5295,1313418314.861912,11.1337,1179678.1976,,
300283.SZ,温州宏丰,电气设备,5239,1636586871.521459,20.8819,783734.6561,,
300285.SZ,国瓷材料,陶瓷,5236,3170455658.393712,8.0912,3918399.8151,,
300292.SZ,吴通控股,互联网,5189,1794492242.0273,20.4185,878856.058,,
300302.SZ,同有科技,IT设备,5168,4847191504.602669,22.6971,2135599.4839,,
300303.SZ,聚飞光电,半导体,5170,1726545284.400904,11.4964,1501813.8586,,
300308.SZ,中际旭创,通信设备,5148,29141878767.120304,2.4926,116913579.2631,screenshot_watchlist,通信设备
300316.SZ,晶盛机电,专用机械,5117,3576787279.25386,5.173,6914338.4482,,
300322.SZ,硕贝德,元器件,5089,2161932269.345209,14.3189,1509845.2181,,
300323.SZ,华灿光电,半导体,5096,5596765882.050808,19.5599,2861346.8791,,
300328.SZ,宜安科技,小金属,5078,1354335796.7895,10.7485,1260023.07,,
300331.SZ,苏大维格,元器件,5069,1243758603.83271,8.7647,1419054.393,,
300339.SZ,润和软件,软件服务,5049,1597829449.647312,4.4604,3582255.9628,,
300342.SZ,天银机电,家用电器,5041,1837288657.12,7.4375,2470304.0768,,
300346.SZ,南大光电,半导体,5029,4610072070.600416,11.7971,3907801.1296,,
300347.SZ,泰格医药,医疗保健,5019,1262603089.15328,3.136,4026157.8098,,
300364.SZ,中文在线,出版业,4132,1746621722.994728,8.5934,2032515.3292,,
300373.SZ,扬杰科技,半导体,4495,2605589087.296592,5.7853,4503809.8064,,
300383.SZ,光环新网,软件服务,4489,3064844446.86961,10.2033,3003777.6473,,
300390.SZ,天华新能,电气设备,4306,8506164568.236864,10.9334,7779981.1296,,
300394.SZ,天孚通信,通信设备,4105,27097599513.30202,8.6947,31165652.0792,screenshot_watchlist,通信设备
300395.SZ,菲利华,玻璃,4265,6551755364.987685,9.3737,6989508.2678,,
300398.SZ,飞凯材料,化工原料,4236,2330345086.484877,10.7657,2164601.5461,,
300408.SZ,三环集团,元器件,4181,2928303150.487155,1.7829,16424382.4695,,
300418.SZ,昆仑万维,互联网,4132,3181531732.451157,5.1501,6177611.5657,,
300432.SZ,富临精工,汽车配件,4075,1825989572.266626,4.2549,4291498.2074,,
300433.SZ,蓝思科技,元器件,4076,9542149717.61292,5.284,18058572.5163,,
300436.SZ,广生堂,化学制药,4041,1437313323.3839998,7.373,1949428.08,,
300438.SZ,鹏辉能源,电气设备,4039,3837086216.104288,9.1504,4193353.5322,,
300442.SZ,润泽科技,软件服务,4039,12940407863.09973,7.7277,16745484.249,,
300444.SZ,双杰电气,电气设备,4040,1545384272.15504,12.0941,1277800.144,screenshot_watchlist,电气设备
300450.SZ,先导智能,专用机械,4015,3099615725.510286,3.5467,8739435.8855,,
300454.SZ,深信服,软件服务,2921,2188058301.940564,4.2244,5179571.7781,,
300456.SZ,赛微电子,半导体,4019,4545088626.269796,11.8687,3829474.6908,,
300458.SZ,全志科技,半导体,4018,1853121731.6492012,5.1753,3580703.9817,,
300475.SZ,香农芯创,元器件,3992,10027867900.941769,11.3291,8851425.0037,,
300476.SZ,胜宏科技,元器件,3991,20706434903.36431,6.1928,33436304.9079,screenshot_watchlist,元器件
300480.SZ,光力科技,专用机械,3970,2550000972.3058205,17.7063,1440165.914,,
300489.SZ,光智科技,专用机械,3971,1432357331.749512,8.5533,1674625.3864,,
300491.SZ,通合科技,电气设备,3788,222611506.23362696,4.4353,501908.5659,screenshot_watchlist,电气设备
300496.SZ,中科创达,软件服务,3809,1520082529.608672,5.0832,2990404.7246,,
300499.SZ,高澜股份,专用机械,3755,1876052140.141935,14.2499,1316537.0565,,
300502.SZ,新易盛,通信设备,3725,24386190238.30899,4.0215,60639538.0786,screenshot_watchlist,通信设备
300503.SZ,昊志机电,机械基件,3719,2946343123.5259647,13.4369,2192725.3485,,
300548.SZ,长芯博创,通信设备,3502,5161663544.382523,7.0417,7330138.3819,,
300567.SZ,精测电子,电器仪表,3461,3399130727.4515495,6.9433,4895555.035,,
300568.SZ,星源材质,化工原料,3452,1598277918.0130398,7.172,2228496.8182,,
300570.SZ,太辰光,通信设备,3447,7010300367.336942,19.2426,3643114.9467,,
300571.SZ,平治信息,互联网,3440,2109849422.1805005,24.6155,857122.31,,
300576.SZ,容大感光,染料涂料,3433,2659629085.64529,17.061,1558894.0189,,
300602.SZ,飞荣达,元器件,3396,1601866208.48832,7.2792,2200607.496,,
300604.SZ,长川科技,半导体,3315,11785058825.758476,8.8669,13291069.9633,,
300607.SZ,拓斯达,专用机械,3382,2362540094.544526,14.9734,1577824.7389,,
300613.SZ,富瀚微,半导体,3371,1381428428.211575,9.4009,1469464.0175,,
300620.SZ,光库科技,通信设备,3353,6683178692.324898,9.8598,6778209.1851,,
300623.SZ,捷捷微电,半导体,3349,1324269611.011399,5.1389,2576951.5091,,
300632.SZ,光莆股份,半导体,3326,3407882649.6689367,31.6697,1076070.3921,,
300651.SZ,金陵体育,文教休闲,3293,1331707633.795656,27.5028,484208.0202,,
300655.SZ,晶瑞电材,半导体,3279,1376752750.653168,7.8864,1745730.3087,,
300657.SZ,弘信电子,元器件,3279,1777033897.824248,10.1903,1743848.4616,,
300661.SZ,圣邦股份,半导体,3265,3841512078.646906,5.7361,6697080.0346,,
300666.SZ,江丰电子,半导体,3256,4687482177.665196,9.3054,5037378.4874,,
300672.SZ,国科微,半导体,3229,3129714949.802701,6.118,5115585.0765,,
300679.SZ,电连技术,元器件,3210,1822876688.9872,7.8488,2322490.94,,
300684.SZ,中石科技,元器件,3061,1199109371.651301,6.6693,1797953.8657,,
300687.SZ,赛意信息,软件服务,3207,1705615361.6816962,15.2528,1118230.9882,,
300693.SZ,盛弘股份,电气设备,3188,2105082206.989404,11.1718,1884282.0378,,
300706.SZ,阿石创,元器件,3153,1238445610.791489,15.9591,776012.1879,,
300718.SZ,长盛轴承,机械基件,3112,1856321777.111269,7.8299,2370811.6031,,
300720.SZ,海川智能,电器仪表,3112,1183474733.807904,8.8372,1339196.5032,,
300721.SZ,怡达股份,,,,,,lianban_pool,化工原料
300724.SZ,捷佳伟创,专用机械,2835,2574498197.534315,8.1605,3154828.9903,,
300726.SZ,宏达电子,元器件,3097,1973632298.21028,8.7084,2266354.667,,
300738.SZ,奥飞数据,软件服务,3038,3671569008.379164,13.6212,2695481.3147,,
300745.SZ,欣锐科技,汽车配件,2914,1226504396.8159368,14.7319,832550.0423,,
300748.SZ,金力永磁,矿物制品,2793,2596762959.219833,5.3281,4873712.8793,,
300750.SZ,宁德时代,电气设备,2895,13675361300.934526,0.6978,195978235.8976,,
300751.SZ,迈为股份,专用机械,2744,5272100205.753725,7.2665,7255350.1765,,
300757.SZ,罗博特科,专用机械,2684,6001752490.409633,6.0694,9888543.3328,,
300762.SZ,上海瀚讯,通信设备,2619,1404283377.37302,5.2457,2677018.086,,
300763.SZ,锦浪科技,电气设备,2614,2628582977.8145328,6.8359,3845262.4787,,
300769.SZ,德方纳米,化工原料,2587,2570778004.665915,12.3805,2076473.4903,,
300773.SZ,拉卡拉,软件服务,2577,1187826391.627672,5.7496,2065928.7457,,
300776.SZ,帝尔激光,专用机械,2555,5552472089.55589,13.7794,4029545.6185,screenshot_watchlist,专用机械
300782.SZ,卓胜微,半导体,2523,8448141263.253989,10.9951,7683551.0939,,
300785.SZ,值得买,互联网,2496,1194078629.338472,11.3576,1051347.6697,,
300790.SZ,宇瞳光学,元器件,2429,1274223771.78841,10.0322,1270133.9405,,
300803.SZ,指南针,软件服务,2370,2306576493.927846,3.8031,6064990.3866,,
300806.SZ,斯迪克,塑料,2363,2779286923.22034,7.334,3789592.2051,screenshot_watchlist,塑料
300809.SZ,华辰装备,机床制造,2354,1475899409.4190078,15.0108,983225.0176,,
300814.SZ,中富电路,元器件,1737,1182938040.382063,5.0693,2333533.3091,,
300820.SZ,英杰电气,电气设备,2283,2929105908.2268877,20.6408,1419085.4561,,
300821.SZ,东岳硅材,化工原料,2255,1722167616.0,9.0488,1903200.0,,
300827.SZ,上能电气,电气设备,2226,2356881248.708082,10.9173,2158849.9434,,
300831.SZ,派瑞股份,半导体,2199,1765526124.8,23.2013,760960.0,,
300835.SZ,龙磁科技,矿物制品,2181,1318324424.19063,9.6385,1367769.2838,,
300846.SZ,首都在线,软件服务,2144,1766516358.111472,11.1976,1577584.8022,,
300855.SZ,图南股份,,,,,,screenshot_watchlist,小金属
300857.SZ,协创数据,IT设备,2118,7419167717.820654,5.5877,13277677.2515,,
300866.SZ,安克创新,元器件,2090,1208620392.83544,1.676,7211338.8594,,
300870.SZ,欧陆通,电气设备,2090,2134864082.385627,4.8173,4431661.0599,,
300878.SZ,维康药业,,,,,,lianban_pool,中成药
300885.SZ,海昌新材,机械基件,2073,1367787583.82266,17.6099,776715.134,,
300900.SZ,广联航空,航空,2024,2059519440.31792,14.666,1404281.6312,,
300903.SZ,科翔股份,元器件,2017,4115610194.88501,12.5953,3267576.1553,,
300905.SZ,宝丽迪,染料涂料,2017,1830845145.701597,12.9607,1412612.8571,,
300919.SZ,中伟新材,电气设备,1969,1452200441.211,2.47,5879354.013,,
300953.SZ,震裕科技,电气设备,1884,2649992718.977998,6.6709,3972466.5622,,
300959.SZ,线上线下,电信运营,1880,2335098162.6988,17.5031,1334105.48,,
300969.SZ,恒帅股份,汽车配件,1859,1277867729.25735,7.2703,1757654.745,,
300975.SZ,商络电子,元器件,1850,1355372471.1790118,8.8868,1525152.4409,,
300999.SZ,金龙鱼,食品,2038,2686261439.824295,1.7965,14952749.4563,,
301002.SZ,崧盛股份,电气设备,1803,1142194714.586412,14.6676,778719.5687,,
301005.SZ,超捷股份,汽车配件,1809,1536908382.3287249,6.7515,2276395.4415,,
301018.SZ,申菱环境,专用机械,1773,2630620092.013454,7.5014,3506838.8461,,
301029.SZ,怡合达,专用机械,1757,1199489050.64772,6.2072,1932415.6635,,
301031.SZ,中熔电气,电气设备,1765,1216668079.962288,7.0149,1734405.4512,,
301070.SZ,开勒股份,机械基件,1695,1208919860.447712,13.8698,871620.2544,,
301071.SZ,力量钻石,矿物制品,1694,1362165734.6455948,9.1641,1486415.1795,,
301095.SZ,广立微,半导体,1379,2261905512.90737,9.8989,2285006.933,,
301123.SZ,奕东电子,元器件,1571,1163099651.364,6.7857,1714045.2,,
301128.SZ,强瑞技术,专用机械,1647,1826979538.993497,8.4987,2149716.4731,,
301157.SZ,华塑科技,电气设备,1163,1316340498.0,26.7223,492600.0,,
301165.SZ,锐捷网络,通信设备,1271,1318340099.2536058,1.7358,7594999.9957,,
301171.SZ,易点天下,互联网,1365,6229428514.200178,23.2457,2679819.7147,,
301183.SZ,东田微,元器件,1452,3456440137.2226534,16.4787,2097519.9119,,
301196.SZ,唯科科技,专用机械,1585,1817661740.07232,9.3592,1942112.296,,
301200.SZ,大族数控,专用机械,1537,1753278721.1297102,1.6154,10853526.8115,,
301205.SZ,联特科技,通信设备,1340,3724200485.75232,10.3824,3587032.368,,
301217.SZ,铜冠铜箔,元器件,1569,3247093388.4480968,4.7077,6897409.3261,,
301219.SZ,腾远钴业,小金属,1520,1342512892.406337,5.2729,2546061.7353,,
301225.SZ,恒勃股份,汽车配件,1064,1972788512.7707996,15.7022,1256377.14,,
301232.SZ,飞沃科技,机械基件,1065,1581083094.2815802,9.6956,1630722.2805,,
301246.SZ,宏源药业,化学制药,1152,2463635377.089432,18.3631,1341622.8072,,
301261.SZ,恒工精密,机械基件,1040,1953535270.49499,22.5609,865894.211,,
301269.SZ,华大九天,,,,,,screenshot_watchlist,半导体
301291.SZ,明阳电气,电气设备,1050,1003578897.062708,6.1967,1619537.6524,screenshot_watchlist,电气设备
301292.SZ,海科新源,化工原料,1043,2252759138.639688,12.3384,1825811.4007,,
301297.SZ,富乐德,半导体,1232,4880428901.592299,12.1205,4026590.406,,
301307.SZ,美利信,通信设备,1117,1411969479.57,11.3655,1242329.4,,
301308.SZ,江波龙,半导体,1379,20994603928.838715,8.4822,24751366.3069,,
301312.SZ,智立方,专用机械,1404,1226309015.64416,8.576,1429931.2216,,
301316.SZ,慧博云通,软件服务,1310,2643725483.84,11.1556,2369864.0,,
301317.SZ,鑫磊股份,机械基件,1212,2397901139.5955,19.5449,1226867.95,,
301319.SZ,唯特偶,元器件,1324,1783874349.5263247,13.3525,1335985.2833,screenshot_watchlist,元器件
301338.SZ,凯格精机,专用机械,1368,1414946993.6,6.6826,2117360.0,,
301358.SZ,湖南裕能,电气设备,1191,3499410970.966547,4.3459,8052212.3633,,
301362.SZ,民爆光电,电气设备,1015,1507173391.224,7.9204,1902900.6,,
301373.SZ,凌玮科技,化工原料,1192,3130423686.87628,23.5432,1329650.8915,,
301377.SZ,鼎泰高科,机械基件,1270,12408647298.1,12.2189,10155290.0,,
301387.SZ,光大同创,元器件,1123,1465246701.775885,14.4823,1011749.9995,,
301392.SZ,汇成真空,专用机械,709,3003061068.0,15.9246,1885800.0,,
301396.SZ,宏景科技,软件服务,1281,3733052758.8530025,7.6379,4887538.1438,,
301413.SZ,安培龙,电器仪表,879,2332688127.653079,18.1167,1287589.9737,,
301421.SZ,波长光电,元器件,996,2360052213.91658,19.1519,1232280.982,,
301486.SZ,致尚科技,元器件,1043,6359054342.493888,19.1904,3313664.3022,,
301488.SZ,豪恩汽电,汽车配件,1046,2620971796.96,19.4942,1344488.0,,
301489.SZ,思泉新材,元器件,934,1343252647.91914,7.0861,1895616.274,,
301500.SZ,飞南资源,环境保护,967,2157138404.9848948,13.2185,1631908.6167,,
301511.SZ,德福科技,电气设备,1002,5933755549.481759,10.2648,5780683.062,,
301526.SZ,国际复材,玻璃,871,10987027007.348106,15.5727,7055312.8278,,
301529.SZ,福赛科技,汽车配件,977,1809527194.192608,13.1016,1381149.7788,,
301536.SZ,星宸科技,半导体,778,1746310448.9905758,4.6273,3773929.6112,,
301538.SZ,骏鼎达,塑料,786,2316260419.2,25.2514,917280.0,,
301550.SZ,斯菱智驱,汽车配件,973,2954101829.338,6.9688,4239039.475,,
301563.SZ,云汉芯城,元器件,227,1813434396.3716311,16.4691,1101113.2341,,
301590.SZ,优优绿能,电气设备,344,1914847607.572044,20.7397,923276.4252,,
301603.SZ,乔锋智能,机床制造,674,1902174507.06,11.4825,1656585.68,,
301611.SZ,珂玛科技,半导体,637,9240575803.2,16.9281,5458720.0,,
301626.SZ,苏州天脉,元器件,568,1295830007.9999998,4.015,3227472.0,,
301629.SZ,矽电股份,半导体,417,2338947784.063674,13.7662,1699051.1427,,
301630.SZ,同宇新材,化工原料,309,1580117532.0,15.5554,1015800.0,,
301638.SZ,南网数字,软件服务,178,11466875645.091614,12.4185,9233704.2679,,
301656.SZ,联合动力,汽车配件,232,3157091221.416247,6.7187,4698961.4381,,
301658.SZ,首航新能,电气设备,408,2685102686.7894897,15.8814,1690721.6535,,
301667.SZ,纳百川,汽车配件,143,1776704716.286976,15.3664,1156227.0384,,
301680.SZ,固德电材,汽车配件,70,1283249944.872,13.4323,955346.4,,
301696.SZ,三瑞智能,,,,,,lianban_pool,电气设备
302132.SZ,中航成飞,航空,5740,2528168793.5579395,1.3873,18223663.1843,,
600000.SH,浦发银行,银行,9683,1559961535.259484,0.5164,30208395.3381,,
600010.SH,包钢股份,普钢,9198,3274724958.9477925,2.7286,12001484.1272,,
600011.SH,华能国际,火力发电,8926,1752886308.943197,1.4829,11820664.2993,,
600021.SH,上海电力,火力发电,8234,1201627215.155424,2.5143,4779171.9968,,
600026.SH,中远海能,水运,8758,1930557781.705848,1.6152,11952437.9749,,
600027.SH,华电国际,火力发电,7771,1236789111.656278,1.9946,6200687.4143,,
600028.SH,中国石化,石油加工,9046,1841812879.350271,0.2969,62034788.7959,,
600030.SH,中信证券,证券,8530,4241062501.13184,1.086,39052140.8944,,
600031.SH,三一重工,工程机械,8352,1911398674.33496,1.016,18812979.0781,,
600036.SH,招商银行,银行,8802,3781966785.335074,0.3983,94952718.6878,,
600050.SH,中国联通,,,,,,screenshot_watchlist,电信运营
600078.SH,澄星股份,化工原料,10549,1197948327.55344,11.4414,1047029.496,,
600088.SH,中视传媒,,,,,,lianban_potential,影视音像
600089.SH,特变电工,电气设备,10558,5387118675.915655,3.9605,13602117.6011,,
600096.SH,云天化,农药化肥,10537,1339116944.6106362,2.2707,5897375.0148,,
600103.SH,青山纸业,,,,,,screenshot_watchlist,造纸
600105.SH,永鼎股份,通信设备,10455,8152697053.768839,10.828,7529273.2303,,
600110.SH,诺德股份,电气设备,10447,1343979740.632476,7.6612,1754267.9223,,
600111.SH,北方稀土,小金属,10460,8669498201.913935,4.4592,19441824.0983,,
600115.SH,中国东航,空运,10418,1661888816.879446,1.8218,9122235.2447,,
600118.SH,中国卫星,航空,10476,6864650608.67586,6.0585,11330610.8916,,
600126.SH,杭钢股份,普钢,10292,1176400251.335621,3.9139,3005698.2839,,
600130.SH,波导股份,元器件,9444,1330901212.5,27.7705,479250.0,,
600141.SH,兴发集团,农药化肥,9830,1203046893.295182,3.1109,3867198.8598,,
600143.SH,金发科技,塑料,7996,1567371660.79875,3.3973,4613580.375,,
600150.SH,中国船舶,船舶,10222,5048632276.764032,1.6544,30516394.3228,,
600152.SH,维科技术,电气设备,10202,1340640942.3759072,18.4553,726425.9819,screenshot_watchlist,电气设备
600156.SH,华升股份,纺织,10215,1640298862.1826358,31.1391,526765.0196,,
600157.SH,永泰能源,火力发电,10229,1389982481.4818697,3.6405,3818108.7254,,
600158.SH,中体产业,文教休闲,10276,2131806523.582528,15.2384,1398970.0517,,
600160.SH,巨化股份,化工原料,10185,3839330013.815938,3.9602,9694788.1769,,
600172.SH,黄河旋风,矿物制品,10032,3532921503.0750604,22.1492,1595056.0305,,
600176.SH,中国巨石,玻璃,9885,7065617268.340468,5.2127,13554620.961,,
600183.SH,生益科技,元器件,10061,5458985880.079177,2.4984,21849927.4739,,
600184.SH,光电股份,专用机械,8226,1665726816.9348257,10.1726,1637464.1851,,
600186.SH,莲花控股,食品,10125,2216695285.463428,11.9581,1853718.6388,,
600188.SH,兖矿能源,煤炭开采,10180,2372010241.5718017,1.1174,21227942.0223,,
600201.SH,生物股份,农业综合,9982,1214729027.12238,7.2842,1667621.739,,
600206.SH,有研新材,半导体,9919,3231678657.477655,12.4835,2588760.0893,,
600208.SH,衢州发展,全国地产,9823,1811518864.930944,4.3537,4160872.0512,,
600211.SH,西藏药业,,,,,,screenshot_watchlist,生物制药
600219.SH,南山铝业,铝,9640,1235344955.419904,2.0608,5994492.2138,,
600230.SH,沧州大化,,,,,,screenshot_watchlist,化工原料
600246.SH,万通发展,区域地产,9366,2963947926.50066,11.461,2586116.3306,,
600256.SH,广汇能源,石油开采,9485,1547498803.99716,3.7828,4090881.897,,
600259.SH,中稀有色,小金属,9486,2196913142.509644,6.7236,3267465.5579,,
600276.SH,恒瑞医药,化学制药,9340,4302975793.733576,1.2008,35834242.1197,,
600292.SH,电投水电,水力发电,9326,2724092636.798756,4.1516,6561548.8891,,
600301.SH,华锡有色,小金属,9438,1788404897.708464,5.0486,3542377.8824,,
600309.SH,万华化学,化工原料,9261,2315691316.623366,0.9042,25610388.3723,,
600330.SH,天通股份,专用机械,9248,5951484561.213881,16.3453,3641098.396,,
600331.SH,宏达股份,农药化肥,8912,1385087562.56,3.1285,4427321.6,,
600338.SH,西藏珠峰,铅锌,9270,1622352308.5806632,8.3589,1940868.1867,,
600343.SH,航天动力,机械基件,8438,1281265406.4643738,5.6921,2250953.7894,,
600345.SH,长江通信,通信设备,9275,1840655675.525184,10.1367,1815833.2352,,
600353.SH,旭光电子,元器件,8577,1847107180.589496,10.5672,1747962.7343,,
600362.SH,江西铜业,铜,8890,4564913058.1593,2.843,16056676.251,screenshot_watchlist,铜
600378.SH,昊华科技,化工原料,9255,1632945515.8908591,3.4277,4763968.5967,,
600379.SH,宝光股份,电气设备,8885,1523957412.322272,24.7333,616156.1184,,
600392.SH,盛和资源,小金属,8387,1796220736.4971402,4.0762,4406605.997,,
600396.SH,华电辽能,火力发电,9179,5994187546.447121,23.3516,2566927.982,screenshot_watchlist,火力发电
600406.SH,国电南瑞,电气设备,8247,3926089469.5830603,1.846,21268090.3011,screenshot_watchlist,电气设备
600410.SH,华胜天成,软件服务,8053,2168993895.65444,8.623,2515358.8028,,
600415.SH,小商品城,商品城,8772,2701770194.015214,3.5833,7539893.9358,,
600418.SH,江淮汽车,汽车整车,9030,2363601256.828495,2.2859,10339915.3805,,
600438.SH,通威股份,电气设备,8109,1400231565.71034,1.914,7315734.4081,,
600452.SH,涪陵电力,水力发电,8108,1259423109.250893,6.4641,1948334.8173,,
600460.SH,士兰微,半导体,8466,2647615934.359421,5.1407,5150302.3603,,
600481.SH,双良节能,电气设备,8424,2132039301.516328,15.2792,1395386.7359,,
600482.SH,中国动力,船舶,7975,1802542385.6563663,2.1449,8403852.7934,,
600487.SH,亨通光电,通信设备,8302,11150598362.920568,6.4771,17215417.9539,,
600489.SH,中金黄金,黄金,8310,2385581029.5939775,2.0203,11808053.4059,,
600497.SH,驰宏锌锗,铅锌,8060,3146523041.46844,6.274,5015178.5806,,
600498.SH,烽火通信,通信设备,9031,7754110878.630876,10.5162,7373491.2598,,
600509.SH,天富能源,火力发电,8842,2878158018.245712,20.8786,1378520.5992,,
600510.SH,黑牡丹,,,,,,lianban_potential,全国地产
600519.SH,贵州茅台,白酒,9027,7755166307.008265,0.4646,166921358.3084,,
600522.SH,中天科技,通信设备,8604,14967419402.276417,10.6989,13989680.6235,,
600531.SH,豫光金铅,铅锌,8690,1694953531.628703,9.1491,1852590.4533,,
600545.SH,卓郎智能,纺织机械,8199,1365794585.326653,12.0871,1129960.5243,,
600547.SH,山东黄金,黄金,8296,2956723052.655888,2.0106,14705675.1848,,
600549.SH,厦门钨业,小金属,8590,2880555729.8436236,3.3978,8477708.3108,,
600550.SH,保变电气,电气设备,9207,1140017596.855326,4.1079,2775183.4194,,
600552.SH,凯盛科技,元器件,8589,1889347242.020697,11.4687,1647394.4231,,
600563.SH,法拉电子,元器件,8557,1331427352.5,4.417,3014325.0,,
600577.SH,精达股份,电气设备,8647,1635691303.034948,5.4044,3026591.8567,,
600578.SH,京能电力,火力发电,8771,3108643318.478915,6.6241,4692929.3315,lianban_pool,火力发电
600580.SH,卧龙电驱,电气设备,8744,3573888423.0457106,5.6518,6323451.6845,,
600584.SH,长电科技,半导体,8382,14575189122.417747,14.0314,10387551.5789,,
600585.SH,海螺水泥,水泥,8863,1252107342.929266,1.1537,10852971.6818,,
600589.SH,大位科技,软件服务,9103,3120131910.5965023,16.3546,1907800.8087,,
600601.SH,方正科技,元器件,12931,3291316240.881679,6.161,5342178.6088,,
600602.SH,云赛智联,软件服务,12931,1431323609.9457102,4.693,3049911.8047,,
600619.SH,海立股份,家用电器,12233,1158320331.29373,5.8971,1964220.263,,
600641.SH,先导基电,半导体,12091,2589453618.89238,9.4694,2734548.777,,
600660.SH,福耀玻璃,汽车配件,12027,1148558567.407328,0.7859,14614563.7792,,
600666.SH,奥瑞德,元器件,11995,1935050249.682922,12.2098,1584833.6989,,
600667.SH,太极实业,半导体,11979,3035709076.1165524,11.7524,2583054.5898,,
600673.SH,东阳光,综合类,11928,2956949872.3948436,2.6911,10987885.5204,,
600690.SH,海尔智家,家用电器,11865,2555274668.33583,1.2733,20068127.451,,
600699.SH,均胜电子,汽车配件,11848,3726306886.081759,7.912,4709690.1998,,
600703.SH,三安光电,半导体,10944,7529016765.858408,9.3386,8062254.2628,,
600707.SH,彩虹股份,元器件,10952,2726697433.3562703,7.1082,3835988.6235,,
600711.SH,盛屯矿业,小金属,10941,2265747849.703338,5.6742,3993070.1239,,
600726.SH,华电能源,火力发电,10910,3117054854.1254396,5.1732,6025390.192,,
600744.SH,华银电力,火力发电,10844,1698636217.4605603,10.1864,1667553.029,,
600760.SH,中航沈飞,,,,,,screenshot_watchlist,航空
600784.SH,鲁银投资,,,,,,lianban_potential,综合类
600821.SH,金开新能,新型电力,11795,2071004099.402043,12.3993,1670258.8851,,
600869.SH,远东股份,电气设备,11421,2905334394.905712,6.0522,4800459.9896,,
600875.SH,东方电气,电气设备,11175,6122473066.201344,4.5312,13511813.7937,,
600879.SH,航天电子,航空,11139,3774812335.1766753,4.9465,7631279.3595,,
600884.SH,杉杉股份,电气设备,11063,1868565693.4100752,5.4329,3439352.2675,,
600887.SH,伊利股份,乳制品,11021,1341259837.5628805,0.768,17464320.8016,,
600893.SH,航发动力,航空,10994,1700285110.3008149,1.3537,12560280.0495,screenshot_watchlist,航空
600895.SH,张江高科,园区开发,10980,2021554275.470928,3.7488,5392537.0131,,
600900.SH,长江电力,水力发电,8214,3209657363.3601394,0.4853,66137592.4863,,
600903.SH,贵州燃气,供气供热,3111,1177156426.574178,12.7791,921157.5358,,
600930.SH,华电新能,新型电力,303,18306618799.899853,7.0105,26113142.857,,
600938.SH,中国海油,石油开采,1485,25149972759.022305,1.4493,173531861.9956,,
600941.SH,中国移动,电信运营,1591,36539921612.520096,1.7212,212293293.1241,screenshot_watchlist,电信运营
600961.SH,株冶集团,铅锌,7928,3550746603.59661,11.3109,3139225.529,,
600986.SH,浙文互联,互联网,8054,1897558169.070704,12.1387,1563230.1392,,
600988.SH,赤峰黄金,黄金,8066,2770557157.0936804,3.8732,7153147.674,,
600989.SH,宝丰能源,化工原料,2556,2897432829.4144,1.3873,20885409.28,,
601012.SH,隆基绿能,电气设备,5147,3833922464.1237383,3.2431,11821783.0598,,
601016.SH,节能风电,新型电力,4246,3748986536.799884,11.3887,3291847.6532,,
601088.SH,中国神华,煤炭开采,6793,2444316826.210938,0.2466,99120714.7693,,
601100.SH,恒立液压,工程机械,5313,2141933886.993348,1.3769,15556205.1492,,
601111.SH,中国国航,空运,7210,1516717605.19338,1.2897,11760235.754,,
601112.SH,振石股份,玻璃,106,2319495204.2457,6.8172,3402416.2475,,
601126.SH,四方股份,电气设备,5614,2786561004.2091846,4.3717,6374090.1805,,
601127.SH,赛力斯,汽车整车,3621,2028061855.10958,1.3983,14503767.826,,
601133.SH,柏诚股份,,,,,,lianban_pool,建筑工程
601138.SH,工业富联,通信设备,2898,23164486371.97217,1.7263,134185752.0244,,
601166.SH,兴业银行,银行,7039,1527950254.667562,0.4086,37394768.8367,,
601168.SH,西部矿业,铜,6882,2240971865.52,3.0853,7263384.0,,
601179.SH,中国西电,电气设备,5951,4084413059.495857,4.6489,8785762.3513,screenshot_watchlist,电气设备
601208.SH,东材科技,化工原料,5474,3204718086.6617417,6.9601,4604413.8542,,
601211.SH,国泰海通,证券,3976,2745586731.4876,1.0087,27219061.48,,
601212.SH,白银有色,铜,3376,1348602703.0764604,2.613,5161127.8342,,
601225.SH,陕西煤业,煤炭开采,4490,1146203978.5,0.4955,23132270.0,,
601231.SH,环旭电子,元器件,5198,2004318585.493712,2.1148,9477579.8444,,
601288.SH,农业银行,银行,5783,2798929816.283667,0.1199,233438683.5933,,
601318.SH,中国平安,保险,7015,11142148187.3259,1.1087,100497413.0723,,
601328.SH,交通银行,银行,6940,3628740093.8016686,0.6111,59380462.9979,,
601336.SH,新华保险,保险,5264,1602501792.1711318,0.8391,19097864.2852,,
601398.SH,工商银行,银行,7140,2639730071.254452,0.1023,258038130.1324,,
601600.SH,中国铝业,铝,6955,4779660298.872564,2.5491,18750383.6604,,
601601.SH,中国太保,保险,6716,1866121511.095296,0.5616,33228659.3856,,
601609.SH,金田股份,铜,2214,1931763552.5066576,8.5962,2247229.6509,,
601615.SH,明阳智能,电气设备,2669,1223250895.527552,3.5307,3464612.9536,,
601628.SH,中国人寿,保险,7066,1462180674.3544,0.1463,99943996.88,,
601658.SH,邮储银行,银行,2348,1346544170.16888,0.2256,59687241.5855,,
601669.SH,中国电建,建筑工程,5323,2163451265.966256,2.1804,9922267.7764,,
601678.SH,滨化股份,,,,,,lianban_potential,化工原料
601688.SH,华泰证券,证券,5922,3053998886.3469563,1.8268,16717751.7317,,
601689.SH,拓普集团,汽车配件,4075,6609844942.30851,5.439,12152684.2109,,
601698.SH,中国卫通,电信运营,2513,2266937731.0483513,1.5293,14823368.4107,,
601727.SH,上海电气,电气设备,6370,3877399898.4878697,2.8289,13706387.283,,
601728.SH,中国电信,电信运营,1729,1921918943.6678696,0.3318,57924018.7965,screenshot_watchlist,电信运营
601766.SH,中国中车,运输设备,6479,1629883395.589365,0.9513,17133221.8605,,
601778.SH,晶科科技,新型电力,2187,5039873863.446976,19.4215,2594997.2265,,
601857.SH,中国石油,石油开采,6766,3039782609.1104555,0.1443,210657145.4685,,
601868.SH,中国能建,建筑工程,1690,4584385449.330981,3.1983,14333819.3707,,
601869.SH,长飞光纤,通信设备,2856,11846376503.676182,3.8213,31000906.7691,,
601872.SH,招商轮船,水运,7105,2054140632.1658251,1.4587,14081995.1475,,
601877.SH,正泰电器,电气设备,5958,1813420665.075504,2.6223,6915382.1648,,
601888.SH,中国中免,旅游服务,6056,2607979702.4629045,2.1274,12259000.1996,,
601898.SH,中煤能源,煤炭开采,6678,1407698280.1582642,0.6316,22287813.1754,,
601899.SH,紫金矿业,铜,6594,18422221525.199074,2.1759,84664835.3564,screenshot_watchlist,铜
601919.SH,中远海控,水运,6898,1743444235.55069,0.8035,21698123.6534,,
601939.SH,建设银行,银行,6807,28928560214.88395,1.1261,256891574.5927,,
601958.SH,金钼股份,小金属,6602,1282739160.50352,1.8895,6788775.6576,,
601975.SH,招商南油,水运,2684,3070068581.26234,13.2515,2316770.6156,,
601985.SH,中国核电,新型电力,3992,1355231004.333804,0.7209,18799153.8956,,
601988.SH,中国银行,银行,7254,2389846236.300243,0.1281,186560986.4403,,
601991.SH,大唐发电,火力发电,7086,18033920311.062103,12.3037,14657314.7192,lianban_pool,火力发电
603002.SH,宏昌电子,化工原料,5110,1739951083.912962,10.1337,1716994.8626,,
603005.SH,晶方科技,半导体,4477,2322391036.383576,10.8106,2148253.5996,,
603007.SH,顺景科技,建筑工程,3549,2761052075.491985,37.2889,740448.7865,,
603019.SH,中科曙光,IT设备,4208,7590407165.195396,5.4921,13820591.6957,,
603026.SH,石大胜华,化工原料,4004,1839091798.986798,7.8522,2342135.7059,,
603031.SH,安孚科技,电气设备,3553,1231261561.55581,6.6002,1865491.2905,,
603052.SH,可川科技,元器件,1312,2085889812.7602265,9.7834,2132070.4589,,
603061.SH,金海通,半导体,1169,1227327880.74,4.5538,2695173.0,,
603063.SH,禾望电气,电气设备,3213,2797893402.859264,10.3616,2700252.2804,,
603067.SH,振华股份,化工原料,3531,1489787044.1591818,4.9971,2981303.2442,,
603078.SH,江化微,半导体,3322,1490749329.164832,12.7791,1166552.6752,lianban_pool,半导体
603082.SH,北自科技,运输设备,836,2170652171.6010113,31.6319,686222.5069,lianban_potential,运输设备
603083.SH,剑桥科技,通信设备,3108,7243264438.055927,10.9183,6634058.8169,,
603092.SH,德力佳,机械基件,189,2855515485.878693,9.6431,2961200.7403,,
603118.SH,共进股份,通信设备,4097,2210456607.5875916,17.6254,1254131.3148,,
603119.SH,DR浙江荣,汽车配件,1018,4114184730.30576,11.958,3440529.1272,,
603127.SH,昭衍新药,医疗保健,3185,3090305974.5518126,10.3203,2994395.4871,,
603162.SH,海通发展,水运,1143,1372510527.3075042,7.9316,1730433.3644,,
603175.SH,超颖电子,元器件,203,4699301683.445677,11.5213,4078794.6529,,
603179.SH,新泉股份,汽车配件,3346,2914113286.872168,7.6872,3790864.4069,,
603186.SH,XD华正新,元器件,3419,1874479600.4842253,11.8475,1582173.1171,,
603203.SH,快克智能,专用机械,3475,1365363943.58034,8.1555,1674163.3788,,
603220.SH,中贝通信,通信设备,2738,2574931386.703269,15.4121,1670720.6589,,
603228.SH,景旺电子,元器件,3416,2248051530.542976,3.1956,7034833.9296,,
603248.SH,锡华科技,机械基件,143,3041628928.0,20.9248,1453600.0,lianban_potential,机械基件
603256.SH,宏和科技,玻璃,2492,3047667882.1171,2.5124,12130504.2275,,
603259.SH,药明康德,化学制药,2929,4908052262.55025,1.595,30771487.5395,,
603268.SH,松发股份,船舶,4075,3224130260.97171,2.1181,15221803.791,,
603278.SH,大业股份,钢加工,3105,1294961004.289232,22.3414,579623.9288,lianban_pool,钢加工
603283.SH,赛腾股份,专用机械,3063,1507816026.2510998,9.0855,1659585.082,,
603290.SH,斯达半导,半导体,2292,2098683935.311626,7.0138,2992220.9577,,
603296.SH,华勤技术,元器件,1011,3556927518.960588,2.9082,12230683.9934,,
603306.SH,华懋科技,汽车配件,4249,1912197772.098015,5.3895,3548005.8857,,
603308.SH,应流股份,机械基件,4496,1309947106.694117,2.6161,5007251.6597,,
603310.SH,巍华新材,,,,,,lianban_pool,化工原料
603344.SH,星德胜,电气设备,786,1721739110.9143038,27.1328,634560.0568,,
603379.SH,三美股份,化工原料,2600,1465106009.01991,3.8405,3814883.5022,,
603386.SH,骏亚科技,,,,,,lianban_potential,元器件
603399.SH,永杉锂业,小金属,5012,1872536460.3806217,17.7438,1055318.7369,,
603400.SH,华之杰,机械基件,329,1364307912.0,15.6601,871200.0,,
603501.SH,豪威集团,半导体,3298,4400953384.790226,3.4418,12786778.3857,,
603505.SH,金石资源,,,,,,lianban_pool,化工原料
603516.SH,淳中科技,IT设备,3024,1236752739.3186,5.1786,2388199.01,,
603520.SH,司太立,,,,,,lianban_potential,化学制药
603538.SH,美诺华,化学制药,3325,1893931164.7156656,15.3547,1233453.7078,,
603588.SH,高能环境,环境保护,4155,1330522830.51215,6.5725,2024378.5934,,
603598.SH,引力传媒,,,,,,lianban_potential,互联网
603601.SH,再升科技,玻璃,4131,2600815050.163398,13.4958,1927129.2181,screenshot_watchlist,玻璃
603606.SH,东方电缆,电气设备,4230,1231219024.02324,3.052,4034138.3487,,
603618.SH,杭电股份,电气设备,4105,1838582919.006476,7.3058,2516607.2422,,
603626.SH,科森科技,元器件,3382,1145884433.84208,8.0826,1417717.608,,
603629.SH,利通电子,元器件,2699,6713820703.2,15.0553,4459440.0,,
603650.SH,彤程新材,化工原料,2879,1363693715.070546,3.8442,3547405.7413,,
603659.SH,璞泰来,化工原料,3115,1580644125.04686,2.297,6881341.4238,,
603667.SH,五洲新春,机械基件,3489,7078591862.419583,21.8816,3234951.6774,screenshot_watchlist,机械基件
603688.SH,石英股份,矿物制品,4214,2538290568.19443,6.7395,3766289.1434,,
603690.SH,至纯科技,半导体,3409,1665461071.615814,15.2218,1094128.8623,,
603728.SH,鸣志电器,,,,,,screenshot_watchlist,电气设备
603738.SH,泰晶科技,元器件,3516,4017741034.12704,18.7328,2144762.6805,,
603757.SH,大元泵业,,,,,,screenshot_watchlist,机械基件
603778.SH,国晟科技,电气设备,3788,1227233369.170296,8.5212,1440211.9058,,
603779.SH,威龙股份,,,,,,lianban_potential,红黄酒
603799.SH,华友钴业,小金属,4124,4433926192.346742,3.9858,11124306.7699,screenshot_watchlist,小金属
603806.SH,福斯特,塑料,4270,1803528227.8947115,4.0524,4450518.7738,,
603876.SH,鼎胜新材,铝,2949,1442520080.08416,5.1744,2787801.639,,
603881.SH,数据港,软件服务,3383,3026667437.6249156,10.4004,2910145.2229,,
603893.SH,瑞芯微,半导体,2289,1628221268.943776,2.2361,7281522.6016,,
603906.SH,龙蟠科技,电气设备,3322,1463892281.17572,6.774,2161045.5878,,
603920.SH,世运电路,元器件,3306,3582060430.165407,7.7769,4606026.0903,,
603936.SH,博敏电子,元器件,3810,1433745183.423632,10.7738,1330770.1864,,
603938.SH,三孚股份,化工原料,3243,1688309908.3507638,10.9246,1545420.3434,,
603986.SH,兆易创新,半导体,3557,24602061217.13342,9.349,26315179.3958,screenshot_watchlist,半导体
603993.SH,洛阳钼业,小金属,4966,8220269048.6791725,2.0351,40392457.6123,,
605020.SH,永和股份,化工原料,1771,1997201495.140016,12.3728,1614187.1647,,
605111.SH,新洁能,半导体,2055,1914011840.11692,9.6028,1993180.989,,
605117.SH,德业股份,电气设备,1851,2239418761.740898,1.6382,13669996.1039,,
605358.SH,立昂微,半导体,2072,2886086522.212782,8.3293,3464980.8774,,
605376.SH,博迁新材,小金属,1984,1151125020.0,3.5775,3217680.0,,
605499.SH,东鹏饮料,软饮料,1814,1351302984.734473,1.2559,10759638.3847,,
605589.SH,圣泉集团,化工原料,1739,2158010752.305636,6.0591,3561602.7996,,
688002.SH,睿创微纳,通信设备,2489,1505309950.68322,2.4002,6271602.161,,
688003.SH,天准科技,专用机械,2489,1184189195.012175,6.3183,1874221.2225,,
688008.SH,澜起科技,半导体,2489,30278111085.84041,9.9901,30308116.1208,,
688012.SH,中微公司,半导体,2489,16492535591.30073,6.077,27139271.9949,screenshot_watchlist,半导体
688017.SH,绿的谐波,机械基件,2086,6148039174.153134,10.9772,5600735.3188,screenshot_watchlist,机械基件
688018.SH,乐鑫科技,半导体,2489,1349058209.2393904,4.5235,2982332.7274,,
688019.SH,安集科技,半导体,2489,2417175472.6663256,4.9902,4843844.8813,,
688025.SH,杰普特,专用机械,2388,2286542034.8826003,6.0933,3752551.22,,
688027.SH,国盾量子,通信设备,2136,2400734865.8056,4.024,5966040.919,,
688036.SH,传音控股,通信设备,2419,1432196980.973472,2.0496,6987690.1882,,
688037.SH,芯源微,半导体,2342,3971279304.66294,7.1172,5579833.7895,,
688041.SH,海光信息,半导体,1372,17475034159.078648,2.4812,70429768.4954,,
688047.SH,龙芯中科,半导体,1421,1972673385.0,3.075,6415198.0,,
688048.SH,长光华芯,半导体,1505,4939672542.096528,6.6988,7373966.2956,,
688052.SH,纳芯微,半导体,1484,1238675615.616712,3.4556,3584545.7102,,
688059.SH,华锐精密,,,,,,screenshot_watchlist,机械基件
688072.SH,拓荆科技,半导体,1486,5601708038.056367,3.7392,14981033.4779,,
688082.SH,盛美上海,半导体,1639,2139476983.5585525,2.5304,8455093.9913,,
688099.SH,晶晨股份,半导体,2472,2120098175.199378,4.6157,4593232.1754,,
688106.SH,金宏气体,化工原料,2159,1883664059.1615,11.1375,1691280.8612,,
688110.SH,东芯股份,半导体,1617,3141986774.190033,4.5507,6904403.2219,,
688111.SH,金山办公,软件服务,2370,2176131896.962816,1.8688,11644541.4007,,
688120.SH,华海清科,半导体,1437,4252893134.610848,4.4954,9460544.4112,,
688123.SH,聚辰股份,半导体,2335,3366533521.54514,13.0495,2579818.0172,,
688126.SH,沪硅产业,半导体,2216,4442337929.654941,5.5842,7955191.307,,
688127.SH,蓝特光学,元器件,2062,1142817557.1787,2.9482,3876323.035,,
688135.SH,利扬芯片,半导体,2011,1327307966.2216349,14.3355,925888.8537,,
688141.SH,杰华特,半导体,1239,3343863828.1255803,7.706,4339299.0243,,
688143.SH,长盈通,通信设备,1250,3639749630.084512,26.1212,1393408.2776,,
688146.SH,中船特气,半导体,1120,17274310659.65288,22.4179,7705588.2396,,
688147.SH,微导纳米,专用机械,1239,1772148380.6372058,4.1998,4219601.8397,,
688158.SH,优刻得-W,软件服务,2307,2391732847.0352254,11.2479,2126381.6775,,
688159.SH,有方科技,通信设备,2304,1171912369.2315,19.786,592293.7275,,
688161.SH,威高骨科,,,,,,screenshot_watchlist,医疗保健
688167.SH,炬光科技,元器件,1603,3517133886.03115,7.6153,4618509.955,,
688169.SH,石头科技,家用电器,2275,1718227666.67732,5.4302,3164206.966,,
688172.SH,燕东微,半导体,1246,3247633017.291988,4.4258,7337957.0186,,
688183.SH,生益电子,元器件,1905,2262472618.21558,2.7865,8119406.4892,,
688187.SH,时代电气,运输设备,1711,1819580466.5342011,2.4283,7493227.6347,,
688195.SH,腾景科技,元器件,1876,2413431454.148,5.3474,4513280.2,,
688200.SH,华峰测控,半导体,2278,1272474826.0956,2.2788,5583968.87,,
688205.SH,德科立,通信设备,1375,3564102596.625449,8.4647,4210548.0367,,
688213.SH,思特威-W,半导体,1456,2302537552.451955,5.4795,4202094.2649,,
688220.SH,翱捷科技-U,半导体,1582,1583748304.623142,3.5018,4522669.2119,,
688223.SH,晶科能源,电气设备,1570,2265944290.9593782,3.2306,7014004.4913,,
688233.SH,神工股份,半导体,2275,1228307465.115958,7.4887,1640214.5434,,
688234.SH,天岳先进,半导体,1584,6572471906.508947,8.5404,7695742.4787,,
688235.SH,百济神州,生物制药,1612,12345292188.231936,3.1776,38850995.0536,,
688249.SH,晶合集成,半导体,1106,5122599040.175004,6.5059,7873774.6356,,
688256.SH,寒武纪,半导体,2125,19555302000.468616,2.5744,75960619.9521,,
688268.SH,华特气体,化工原料,2332,2171401631.421393,9.4647,2294210.7319,,
688281.SH,华秦科技,航空,1530,1156086439.787825,4.6609,2480393.1425,,
688300.SH,联瑞新材,矿物制品,2373,1378095937.590105,4.6665,2953168.1937,,
688301.SH,奕瑞科技,医疗保健,2065,1791829358.6831443,5.9972,2987776.5602,,
688308.SH,欧科亿,,,,,,screenshot_watchlist,机械基件
688313.SH,仕佳光子,通信设备,2102,5784794929.473345,7.2885,7936879.9197,,
688322.SH,奥比中光-W,元器件,1408,2048535725.87944,5.7379,3570183.736,,
688331.SH,荣昌生物,生物制药,1506,2672541628.795692,4.1292,6472298.8201,,
688333.SH,铂力特,机械基件,2489,1195569355.10694,4.9146,2432689.039,,
688343.SH,云天励飞-U,软件服务,1137,1412119320.8544,4.86,2905595.3104,,
688347.SH,华虹公司,半导体,1012,27594080582.82806,10.5805,26080129.0892,,
688352.SH,颀中科技,半导体,1121,1631674777.1673367,9.4249,1731238.2913,,
688361.SH,中科飞测,半导体,1092,3590801438.3267603,4.942,7265887.1678,,
688362.SH,甬矽电子,半导体,1276,1750220539.0679018,8.4766,2064767.1697,,
688368.SH,晶丰明源,半导体,2405,1532920901.7950878,5.7174,2681150.3512,,
688372.SH,伟测科技,半导体,1297,1780693637.221416,6.6422,2680879.2828,,
688385.SH,复旦微电,半导体,1745,2659426445.176525,4.6723,5691900.0175,,
688387.SH,信科移动-U,通信设备,1327,3329992036.4375,4.9169,6772543.75,,
688388.SH,嘉元科技,电气设备,2489,1235877551.009962,6.0662,2037317.5151,,
688396.SH,华润微,半导体,2269,2362469927.527512,2.8842,8191075.2636,,
688400.SH,凌云光,专用机械,1409,1318960493.620072,4.3562,3027777.6356,,
688403.SH,汇成股份,半导体,1366,1348884688.6684258,7.0493,1913501.6082,,
688409.SH,富创精密,半导体,1313,2041067733.48937,4.1077,4968882.181,,
688411.SH,海博思创,电气设备,473,2981721056.639787,6.4251,4640738.7537,,
688428.SH,诺诚健华,生物制药,1332,1487908040.5325458,3.3486,4443373.4711,,
688449.SH,联芸科技,半导体,532,1735488000.0,5.76,3013000.0,,
688469.SH,芯联集成-U,半导体,1101,3860983393.432815,5.8899,6555261.3685,,
688472.SH,阿特斯,电气设备,1071,3955037424.7623463,7.4459,5311698.2833,,
688478.SH,晶升股份,半导体,1117,1672960252.6692,16.1211,1037745.72,,
688498.SH,源杰科技,半导体,1241,7683666197.200896,5.7344,13399250.4834,,
688502.SH,茂莱光学,元器件,1163,1146137362.128,3.8901,2946292.8,,
688503.SH,聚和材料,电气设备,1253,1574591215.963976,5.8373,2697464.9512,,
688507.SH,索辰科技,软件服务,1123,1965441510.18384,20.514,958097.6456,,
688510.SH,航亚科技,,,,,,screenshot_watchlist,航空
688512.SH,慧智微-U,半导体,1095,1192877644.1280558,16.5278,721740.1252,,
688515.SH,裕太微-U,半导体,1190,2122043560.0,12.8453,1652000.0,,
688516.SH,奥特维,专用机械,2185,1615722039.297984,6.3509,2544083.5776,,
688519.SH,南亚新材,元器件,2096,1280330819.922561,3.0047,4261093.6863,,
688521.SH,芯原股份,半导体,2096,6959413772.53052,5.2387,13284619.796,,
688523.SH,航天环宇,航空,1078,2759017897.7152004,9.1982,2999519.36,,
688525.SH,佰维存储,半导体,1232,13629398667.50414,9.4506,14421728.4273,,
688530.SH,欧莱新材,半导体,736,1385953086.069425,15.8575,874004.7839,,
688531.SH,日联科技,专用机械,1141,2552222364.031388,11.5277,2213990.9644,,
688535.SH,华海诚科,半导体,1137,3079103510.501802,16.2134,1899110.3103,,
688536.SH,思瑞浦,半导体,2062,2369795313.887705,5.7905,4092557.3161,,
688545.SH,兴福电子,元器件,478,4809117063.6,14.4153,3336120.0,,
688548.SH,广钢气体,化工原料,1004,3069938559.136856,7.3238,4191729.1012,,
688549.SH,中巨芯-U,元器件,980,3009081846.94068,12.1317,2480346.404,lianban_potential,元器件
688556.SH,高测股份,专用机械,2107,1295496203.429967,10.5721,1225391.5527,,
688596.SH,正帆科技,专用机械,2094,2322671658.5935197,16.4515,1411829.7168,,
688599.SH,天合光能,电气设备,2165,1213846142.685748,3.0004,4045614.3937,,
688603.SH,天承科技,化工原料,1040,3476548420.270828,19.9241,1744896.0908,,
688605.SH,先锋精科,半导体,519,2278080721.552677,14.4759,1573705.7603,,
688608.SH,恒玄科技,半导体,1976,1466409259.7636402,4.671,3139390.4084,,
688615.SH,合合信息,软件服务,596,1226636482.4,4.4354,2765560.0,,
688627.SH,精智达,专用机械,1032,3232315958.2005,9.7158,3326865.475,,
688629.SH,华丰科技,元器件,1053,6355869508.466001,10.925,5817729.5272,,
688630.SH,芯碁微装,专用机械,1870,2132073667.625616,6.2556,3408264.0636,,
688652.SH,京仪装备,半导体,898,2410969760.64,9.0292,2670192.0,,
688662.SH,富信科技,元器件,1870,1367228651.4432,17.7363,770864.64,,
688668.SH,鼎通科技,通信设备,1971,1347941013.827408,3.9347,3425778.3664,,
688676.SH,金盘科技,电气设备,1893,1665800893.3483503,3.9138,4256223.8575,screenshot_watchlist,电气设备
688691.SH,灿芯股份,半导体,764,1773909495.6,13.1623,1347720.0,,
688693.SH,锴威特,半导体,1001,2153255453.7478404,21.481,1002400.0064,,
688697.SH,纽威数控,,,,,,lianban_pool,机床制造
688700.SH,东威科技,专用机械,1795,2641539851.1348,11.4965,2297690.472,,
688702.SH,盛科通信-U,半导体,974,4344950400.0,3.7184,11685000.0,,
688709.SH,成都华微,半导体,828,1236060946.2245312,4.8951,2525098.4581,,
688712.SH,北芯生命,医疗保健,99,2098119278.7,11.6066,1807695.0,,
688726.SH,拉普拉斯,专用机械,563,3282402913.176933,11.6487,2817827.6659,,
688727.SH,恒坤新材,半导体,178,5037035540.436649,18.6746,2697265.5588,,
688729.SH,屹唐股份,半导体,311,8040694819.03,10.4435,7699233.8,,
688759.SH,必贝特-U,生物制药,199,1576964012.5078895,10.0663,1566577.603,,
688766.SH,普冉股份,半导体,1726,3717474754.551684,6.2076,5988586.1759,,
688775.SH,影石创新,IT设备,338,5046543296.0,5.848,8629520.0,,
688777.SH,中控技术,专用机械,1998,2444072571.6073656,3.9073,6255144.4005,,
688779.SH,五矿新能,,,,,,screenshot_watchlist,电气设备
688783.SH,西安奕材-U,半导体,199,27903560274.511997,20.3432,13716406.6,,
688785.SH,恒运昌,半导体,107,3711617318.546256,12.2908,3019833.7932,,
688790.SH,昂瑞微-UW,半导体,150,2281048804.253349,14.5899,1563443.7551,,
688795.SH,摩尔线程-U,半导体,161,36390457383.723854,11.6536,31226794.6246,,
688796.SH,百奥赛图,生物制药,156,1754789280.2392678,4.0817,4299162.8004,,
688802.SH,沐曦股份-U,半导体,149,37855196253.705,13.2263,28621153.5,,
688807.SH,优迅股份,半导体,147,3677303097.6,12.0318,3056320.0,,
688809.SH,强一股份,半导体,136,10918844832.435658,18.6449,5856209.9193,,
688818.SH,电科蓝天,航空,94,22246638564.50172,16.3077,13641800.2321,,
688820.SH,盛合晶微,,,,,,screenshot_watchlist,半导体
688981.SH,中芯国际,半导体,2129,63346579961.452385,6.642,95372749.1139,screenshot_watchlist_a_share_counterpart,半导体
